"Setting","Method","Size","Statistic","Quantity","Bias.bias_mean","Bias.bias_median","Bias.sd","Bias.rmse"
"CLEAR (half)","CLEAR","half","Lasso","(Intercept)",0.100753447801541,0.102423025006343,0.02181518789559,0.103083499465103
"synthpop (half)","synthpop","half","Lasso","(Intercept)",0.107986540544229,0.108637702003696,0.109376928360008,0.153624473217211
"CLEAR_synthpop (half)","CLEAR_synthpop","half","Lasso","(Intercept)",0.098877805829802,0.0986305097663012,0.0225418696662607,0.101409763346488
"CLEAR (equal)","CLEAR","equal","Lasso","(Intercept)",0.0569249652230264,0.0569154462031558,0.0104025758721041,0.0578657828362159
"synthpop (equal)","synthpop","equal","Lasso","(Intercept)",-0.0526749304224302,-0.0551536977454989,0.0710581858585196,0.0883957891585158
"CLEAR_synthpop (equal)","CLEAR_synthpop","equal","Lasso","(Intercept)",0.0590908398201608,0.0593519016484119,0.0132424808824523,0.0605536119812367
"CLEAR (double)","CLEAR","double","Lasso","(Intercept)",0.0320439792923064,0.0323474676235889,0.00575301488741572,0.032555300564117
"synthpop (double)","synthpop","double","Lasso","(Intercept)",-0.0400606345040296,-0.0442884668618722,0.0543023779752327,0.0674366754379466
"CLEAR_synthpop (double)","CLEAR_synthpop","double","Lasso","(Intercept)",0.0327253850673837,0.03275979604132,0.00702689001294283,0.0334698260631278
"CLEAR (half)","CLEAR","half","Mean","X1",0.0405723373106021,0.0409994387805965,0.0145717790916996,0.0431048329917978
"synthpop (half)","synthpop","half","Mean","X1",0.14274242506642,0.14154238240285,0.0673973182406793,0.157824946136109
"CLEAR_synthpop (half)","CLEAR_synthpop","half","Mean","X1",0.0392031597659966,0.0394218311244554,0.0149106077184439,0.0419376835999141
"CLEAR (equal)","CLEAR","equal","Mean","X1",0.0227975392920575,0.0228986491695702,0.00647380450556952,0.0236971332076199
"synthpop (equal)","synthpop","equal","Mean","X1",-0.0265942398389868,-0.0262203258277522,0.047752518629198,0.0546168108001062
"CLEAR_synthpop (equal)","CLEAR_synthpop","equal","Mean","X1",0.0233569734297689,0.023461694759082,0.00820811324009875,0.0247545265459731
"CLEAR (double)","CLEAR","double","Mean","X1",0.0128901382528603,0.0128185167939288,0.00374712158508062,0.0134226861138478
"synthpop (double)","synthpop","double","Mean","X1",-0.068565103383154,-0.0706282609243218,0.0351350403877185,0.0770271090127568
"CLEAR_synthpop (double)","CLEAR_synthpop","double","Mean","X1",0.0126430751953891,0.0125857847099002,0.00449260946613179,0.0134160546783252
"CLEAR (half)","CLEAR","half","Var","X1",0.113072726536112,0.110764534866544,0.155931222874137,0.19248729480358
"synthpop (half)","synthpop","half","Var","X1",-0.559693481011439,-0.545900401760537,0.611984021368901,0.828874047254908
"CLEAR_synthpop (half)","CLEAR_synthpop","half","Var","X1",0.0748206437658174,0.0738864670913202,0.147711052849452,0.165448018293231
"CLEAR (equal)","CLEAR","equal","Var","X1",0.0559303078349022,0.0538389852812315,0.0626886282781435,0.0839654912548684
"synthpop (equal)","synthpop","equal","Var","X1",0.47819789367501,0.49625317114381,0.424193272973552,0.63894700757227
"CLEAR_synthpop (equal)","CLEAR_synthpop","equal","Var","X1",0.0559740398449111,0.0535775490637231,0.0802718651298378,0.0977945720544843
"CLEAR (double)","CLEAR","double","Var","X1",0.0438879371450598,0.0409561028088934,0.0362946352655281,0.0569281738228825
"synthpop (double)","synthpop","double","Var","X1",-0.0661179735611084,-0.0668709819379263,0.304343535807856,0.311145181933257
"CLEAR_synthpop (double)","CLEAR_synthpop","double","Var","X1",0.0349601141804243,0.0316206893411799,0.0442975007100644,0.0563963971857081
"CLEAR (half)","CLEAR","half","Quantile","X1_q25",0.0116682540638979,0.00607638903393948,0.0665469511456092,0.0674965767003203
"synthpop (half)","synthpop","half","Quantile","X1_q25",0.112585335727664,0.112592912083151,0.125157606384372,0.168251464789774
"CLEAR_synthpop (half)","CLEAR_synthpop","half","Quantile","X1_q25",-0.0105463990946299,-0.00307113425779182,0.0796482433995123,0.0802644474542615
"CLEAR (equal)","CLEAR","equal","Quantile","X1_q25",-0.0372075894790388,-0.0402322477023818,0.0482685312965924,0.0609064538956565
"synthpop (equal)","synthpop","equal","Quantile","X1_q25",0.0116657419114844,0.00695470808994614,0.0857243264599213,0.0864294646579424
"CLEAR_synthpop (equal)","CLEAR_synthpop","equal","Quantile","X1_q25",-0.0293117999854074,-0.029333835939032,0.0578733539699363,0.0648213550299175
"CLEAR (double)","CLEAR","double","Quantile","X1_q25",-0.0187188002597673,-0.0169549161772808,0.0432866307858039,0.0471208915783859
"synthpop (double)","synthpop","double","Quantile","X1_q25",-0.0812096906719868,-0.0807474744742507,0.0673656488501045,0.105470698503164
"CLEAR_synthpop (double)","CLEAR_synthpop","double","Quantile","X1_q25",-0.0357789469063583,-0.0358530247412734,0.0577508407721468,0.0678868347501788
"CLEAR (half)","CLEAR","half","Quantile","X1_q5",0.147660529459815,0.150706709762173,0.0994849733331217,0.177991846329001
"synthpop (half)","synthpop","half","Quantile","X1_q5",0.16468287040406,0.167809364611794,0.200804579311148,0.259542447238796
"CLEAR_synthpop (half)","CLEAR_synthpop","half","Quantile","X1_q5",0.108762400302821,0.103115801960266,0.124046332255562,0.164881706931352
"CLEAR (equal)","CLEAR","equal","Quantile","X1_q5",0.0776598350755529,0.073303226449555,0.0841569041301872,0.114452041168841
"synthpop (equal)","synthpop","equal","Quantile","X1_q5",-0.112826784460573,-0.107389652440296,0.139676162627658,0.179444405979367
"CLEAR_synthpop (equal)","CLEAR_synthpop","equal","Quantile","X1_q5",0.0951555223539432,0.0920941235768551,0.10157731264837,0.139111063465228
"CLEAR (double)","CLEAR","double","Quantile","X1_q5",0.0989081217664433,0.101767322105003,0.0666002871178244,0.119203790204229
"synthpop (double)","synthpop","double","Quantile","X1_q5",-0.0139370092582999,-0.011144643319783,0.0955706965415559,0.0964869460001156
"CLEAR_synthpop (double)","CLEAR_synthpop","double","Quantile","X1_q5",0.0830950763506479,0.0798069002030204,0.0846722531988943,0.118574210495259
"CLEAR (half)","CLEAR","half","Quantile","X1_q50",0.0366262747371496,0.0339849686410765,0.0439122289293848,0.0571481520520897
"synthpop (half)","synthpop","half","Quantile","X1_q50",-0.0621512222727356,-0.0568196773744631,0.0743449134856626,0.0968446501303157
"CLEAR_synthpop (half)","CLEAR_synthpop","half","Quantile","X1_q50",0.0395874480803002,0.0393333992666018,0.0495636530092081,0.0633940741215487
"CLEAR (equal)","CLEAR","equal","Quantile","X1_q50",0.0385621670749993,0.0367378635220927,0.0337710676615255,0.0512371424895797
"synthpop (equal)","synthpop","equal","Quantile","X1_q50",-0.00614464753836787,-0.00515010202177613,0.0516024809805335,0.0519157693252291
"CLEAR_synthpop (equal)","CLEAR_synthpop","equal","Quantile","X1_q50",0.02688419122917,0.0260327723289127,0.0421198691498891,0.0499329044668538
"CLEAR (double)","CLEAR","double","Quantile","X1_q50",0.015797248630015,0.0144783175274394,0.0285600589554685,0.0326128606209769
"synthpop (double)","synthpop","double","Quantile","X1_q50",0.042353721435239,0.0424212633149148,0.0373256609635464,0.0564292147371085
"CLEAR_synthpop (double)","CLEAR_synthpop","double","Quantile","X1_q50",0.0152546230071625,0.0133501419180122,0.0357049514859512,0.0387942959284423
"CLEAR (half)","CLEAR","half","Quantile","X1_q75",0.0648874190785215,0.0627411539819245,0.0770556423937492,0.100678071273419
"synthpop (half)","synthpop","half","Quantile","X1_q75",-0.0864217344101154,-0.0802919518179444,0.119872759291935,0.147680247974718
"CLEAR_synthpop (half)","CLEAR_synthpop","half","Quantile","X1_q75",0.0202684188756698,0.0184359513682844,0.0857678779230699,0.0880467229905769
"CLEAR (equal)","CLEAR","equal","Quantile","X1_q75",0.00986765909617277,0.0109073011565179,0.064388421378537,0.0650764762878498
"synthpop (equal)","synthpop","equal","Quantile","X1_q75",0.0929113813223502,0.0922773521761266,0.0793013231149435,0.122100971442951
"CLEAR_synthpop (equal)","CLEAR_synthpop","equal","Quantile","X1_q75",0.0132410273321358,0.0116204051044821,0.0682092656926066,0.0694155870340539
"CLEAR (double)","CLEAR","double","Quantile","X1_q75",0.00890126334565723,0.00824770013043219,0.0518306056819696,0.0525382846230998
"synthpop (double)","synthpop","double","Quantile","X1_q75",0.00111818536341245,0.00196094168867189,0.058133190551362,0.0580857921225196
"CLEAR_synthpop (double)","CLEAR_synthpop","double","Quantile","X1_q75",0.00986151292128562,0.0100090416534067,0.0603478262269693,0.0610886720035435
"CLEAR (half)","CLEAR","half","Quantile","X1_q95",-0.144254251132029,-0.142768708315234,0.0452550888830777,0.151172801764531
"synthpop (half)","synthpop","half","Quantile","X1_q95",0.086961217573995,0.0881151395542652,0.0805467944289925,0.118478115627117
"CLEAR_synthpop (half)","CLEAR_synthpop","half","Quantile","X1_q95",-0.127498072269683,-0.12634183481252,0.0536323980807779,0.138298371964866
"CLEAR (equal)","CLEAR","equal","Quantile","X1_q95",-0.102049005668729,-0.104019193099525,0.0347020669117821,0.107776734683466
"synthpop (equal)","synthpop","equal","Quantile","X1_q95",-0.0145542316854087,-0.0104767872143781,0.0552889590471258,0.0571190065957233
"CLEAR_synthpop (equal)","CLEAR_synthpop","equal","Quantile","X1_q95",-0.100243014928595,-0.0985899994506609,0.0426140856262647,0.108908174234763
"CLEAR (double)","CLEAR","double","Quantile","X1_q95",-0.0869907513759923,-0.0860130319657306,0.0288181967435655,0.0916308807748974
"synthpop (double)","synthpop","double","Quantile","X1_q95",-0.0363343311705663,-0.0334157463010831,0.0420192197603233,0.0555181701897694
"CLEAR_synthpop (double)","CLEAR_synthpop","double","Quantile","X1_q95",-0.0825651487217183,-0.0813523110272403,0.0384525821676687,0.0910639756251069
"CLEAR (half)","CLEAR","half","Cov","X1-X1",0.113072726536112,0.110764534866545,0.155931222874137,0.19248729480358
"synthpop (half)","synthpop","half","Cov","X1-X1",-0.559693481011438,-0.545900401760541,0.611984021368901,0.828874047254907
"CLEAR_synthpop (half)","CLEAR_synthpop","half","Cov","X1-X1",0.0748206437658167,0.0738864670913166,0.147711052849452,0.16544801829323
"CLEAR (equal)","CLEAR","equal","Cov","X1-X1",0.0559303078349016,0.0538389852812315,0.0626886282781433,0.0839654912548679
"synthpop (equal)","synthpop","equal","Cov","X1-X1",0.478197893675011,0.49625317114381,0.424193272973552,0.63894700757227
"CLEAR_synthpop (equal)","CLEAR_synthpop","equal","Cov","X1-X1",0.0559740398449106,0.0535775490637249,0.0802718651298367,0.0977945720544831
"CLEAR (double)","CLEAR","double","Cov","X1-X1",0.0438879371450603,0.0409561028088827,0.0362946352655281,0.0569281738228829
"synthpop (double)","synthpop","double","Cov","X1-X1",-0.0661179735611086,-0.0668709819379298,0.304343535807856,0.311145181933256
"CLEAR_synthpop (double)","CLEAR_synthpop","double","Cov","X1-X1",0.0349601141804235,0.0316206893411834,0.0442975007100649,0.056396397185708
"CLEAR (half)","CLEAR","half","Mean","X2",0.0355352982361244,0.0354184248422348,0.0068063177672753,0.0361799769258679
"synthpop (half)","synthpop","half","Mean","X2",-0.0949072002246217,-0.0949796333420504,0.0419900494757104,0.103764225920782
"CLEAR_synthpop (half)","CLEAR_synthpop","half","Mean","X2",0.0341392043245633,0.0341272266232614,0.0067744590418635,0.0348035455181444
"CLEAR (equal)","CLEAR","equal","Mean","X2",0.020284073434353,0.0201741407781544,0.00334576645979526,0.0205576117286836
"synthpop (equal)","synthpop","equal","Mean","X2",0.0166874300110467,0.0151752657397827,0.028975851183781,0.0334124388857587
"CLEAR_synthpop (equal)","CLEAR_synthpop","equal","Mean","X2",0.0199501332698484,0.0196787826744436,0.00403579907714067,0.020353449740213
"CLEAR (double)","CLEAR","double","Mean","X2",0.0111840064979968,0.0111705286248087,0.00183470283986617,0.0113331991771444
"synthpop (double)","synthpop","double","Mean","X2",0.0437850894973668,0.0442790910691193,0.0202412250979274,0.0482288486423889
"CLEAR_synthpop (double)","CLEAR_synthpop","double","Mean","X2",0.0109360110508975,0.010896526145879,0.0021362974614067,0.0111423057315476
"CLEAR (half)","CLEAR","half","Var","X2",-0.0714687435441834,-0.0708502187711693,0.0503595594426524,0.0874001965706473
"synthpop (half)","synthpop","half","Var","X2",-0.232770856774279,-0.232973912049267,0.243702188385158,0.336829700106597
"CLEAR_synthpop (half)","CLEAR_synthpop","half","Var","X2",-0.0496907620627316,-0.0486537169728649,0.0531884831987876,0.0727497666654179
"CLEAR (equal)","CLEAR","equal","Var","X2",-0.0280549383095921,-0.0287304232096544,0.0225836926671783,0.0360011484773973
"synthpop (equal)","synthpop","equal","Var","X2",0.194120502722671,0.184834539583632,0.170719741387453,0.258398353741859
"CLEAR_synthpop (equal)","CLEAR_synthpop","equal","Var","X2",-0.0259539481605073,-0.0259457148946565,0.0317879890298968,0.0410129579424602
"CLEAR (double)","CLEAR","double","Var","X2",-0.015475080116142,-0.0158250957627013,0.0124653893724751,0.0198633648948011
"synthpop (double)","synthpop","double","Var","X2",-0.0250196923169636,-0.0202600437676361,0.117206188234979,0.119732205287833
"CLEAR_synthpop (double)","CLEAR_synthpop","double","Var","X2",-0.0124148579754519,-0.0119849745899741,0.0162699711042425,0.0204526583691232
"CLEAR (half)","CLEAR","half","Lasso","X2",-0.0187501057433119,-0.0187196838545873,0.00593957923602297,0.0196665835793453
"synthpop (half)","synthpop","half","Lasso","X2",0.016176738845558,0.0159118219637119,0.0272758807399919,0.0316886825614345
"CLEAR_synthpop (half)","CLEAR_synthpop","half","Lasso","X2",-0.019331023779715,-0.0193867195670691,0.00585027243700761,0.0201951904319802
"CLEAR (equal)","CLEAR","equal","Lasso","X2",-0.010917441656625,-0.0108099844441727,0.00273258911035198,0.0112535612801163
"synthpop (equal)","synthpop","equal","Lasso","X2",-0.0115792955030572,-0.0114444151307289,0.0185764597669942,0.0218740661996558
"CLEAR_synthpop (equal)","CLEAR_synthpop","equal","Lasso","X2",-0.011406218959436,-0.0113764501497146,0.00332990914875998,0.011881411923661
"CLEAR (double)","CLEAR","double","Lasso","X2",-0.00623626856932429,-0.00621077724296304,0.00147100210212713,0.00640707149631058
"synthpop (double)","synthpop","double","Lasso","X2",0.00287997868858137,0.00259349381396001,0.0138028429745504,0.0140865792326746
"CLEAR_synthpop (double)","CLEAR_synthpop","double","Lasso","X2",-0.00637496590401729,-0.00634105576146438,0.00184213562959013,0.0066352744500761
"CLEAR (half)","CLEAR","half","Quantile","X2_q25",0.219557623996085,0.21433086409165,0.0937091146697441,0.238682604373778
"synthpop (half)","synthpop","half","Quantile","X2_q25",-0.0158864378301808,-0.0158204484653481,0.144549802068664,0.145276408595704
"CLEAR_synthpop (half)","CLEAR_synthpop","half","Quantile","X2_q25",0.215719997537151,0.217943132363787,0.108920955462791,0.241609528635105
"CLEAR (equal)","CLEAR","equal","Quantile","X2_q25",0.183627831782563,0.179769365641724,0.070064666673644,0.196515699134247
"synthpop (equal)","synthpop","equal","Quantile","X2_q25",0.0321611883716271,0.0320533381611066,0.102419831418762,0.107252898616248
"CLEAR_synthpop (equal)","CLEAR_synthpop","equal","Quantile","X2_q25",0.188679601402621,0.182277087195222,0.0865568813425764,0.207550238510557
"CLEAR (double)","CLEAR","double","Quantile","X2_q25",0.164750866661683,0.164351015510891,0.0610518555092495,0.175677894081116
"synthpop (double)","synthpop","double","Quantile","X2_q25",-0.040624316663306,-0.0367399096696648,0.0748718064601719,0.0851170425482746
"CLEAR_synthpop (double)","CLEAR_synthpop","double","Quantile","X2_q25",0.1670876830669,0.16360896559864,0.0792216181085184,0.184883223897803
"CLEAR (half)","CLEAR","half","Quantile","X2_q5",0.00681866157666441,0.00986860335202588,0.0788985024616944,0.0791139550838768
"synthpop (half)","synthpop","half","Quantile","X2_q5",0.224490495368765,0.220558506852145,0.114264229220248,0.25184555577189
"CLEAR_synthpop (half)","CLEAR_synthpop","half","Quantile","X2_q5",0.020221539317437,0.0178303376327915,0.0757002541307851,0.0782814030972949
"CLEAR (equal)","CLEAR","equal","Quantile","X2_q5",0.0139484835872242,0.0145081703916967,0.0513791254637223,0.0531892385613212
"synthpop (equal)","synthpop","equal","Quantile","X2_q5",-0.057541752071799,-0.0579498486718167,0.085916183712301,0.103333831216746
"CLEAR_synthpop (equal)","CLEAR_synthpop","equal","Quantile","X2_q5",0.000724503433999294,-7.05849773660061e-05,0.0614293937416966,0.0613722101595447
"CLEAR (double)","CLEAR","double","Quantile","X2_q5",-0.00474418516331057,-0.00520770914493029,0.044609716675178,0.0448168948172422
"synthpop (double)","synthpop","double","Quantile","X2_q5",-0.0769547025387388,-0.076762249575054,0.0596012588041567,0.0972997002758167
"CLEAR_synthpop (double)","CLEAR_synthpop","double","Quantile","X2_q5",-0.00588111406555805,-0.00580749995070107,0.0511858198038482,0.0514716978090498
"CLEAR (half)","CLEAR","half","Quantile","X2_q50",0.0564969599554253,0.0568078106175051,0.0404348802267519,0.0694522574440802
"synthpop (half)","synthpop","half","Quantile","X2_q50",-0.101301722182676,-0.100429496097585,0.0669737366406405,0.121402427298579
"CLEAR_synthpop (half)","CLEAR_synthpop","half","Quantile","X2_q50",0.0430122424356848,0.0425218219988147,0.0459261125039696,0.0628891277841722
"CLEAR (equal)","CLEAR","equal","Quantile","X2_q50",0.0311326138137442,0.0316205070500851,0.0306502400479544,0.0436668980286323
"synthpop (equal)","synthpop","equal","Quantile","X2_q50",0.0031555619949103,0.00116103578332594,0.0461702479075681,0.0462318719041996
"CLEAR_synthpop (equal)","CLEAR_synthpop","equal","Quantile","X2_q50",0.0304073209393206,0.0304725809918348,0.0369920350896479,0.0478568595444836
"CLEAR (double)","CLEAR","double","Quantile","X2_q50",0.0252920733379591,0.0243975348360471,0.0270465237627391,0.0370100039514428
"synthpop (double)","synthpop","double","Quantile","X2_q50",0.0593454969535067,0.0589099544698798,0.0340568019473031,0.0684063888538107
"CLEAR_synthpop (double)","CLEAR_synthpop","double","Quantile","X2_q50",0.020040106158913,0.0200382649576056,0.0316553961031895,0.03743882782761
"CLEAR (half)","CLEAR","half","Quantile","X2_q75",0.0494806700181625,0.0515996481825518,0.0898992498654961,0.102538032366398
"synthpop (half)","synthpop","half","Quantile","X2_q75",0.102734171316869,0.104216472442829,0.139954204294451,0.173500187023696
"CLEAR_synthpop (half)","CLEAR_synthpop","half","Quantile","X2_q75",0.0538422065071009,0.0557855186417684,0.0964133700860693,0.110344596863843
"CLEAR (equal)","CLEAR","equal","Quantile","X2_q75",0.0624820019054822,0.0586184448498415,0.0643615398908518,0.0896555830029795
"synthpop (equal)","synthpop","equal","Quantile","X2_q75",-0.0535427426460141,-0.0530358978757095,0.10142864145217,0.11460374801147
"CLEAR_synthpop (equal)","CLEAR_synthpop","equal","Quantile","X2_q75",0.0599621039443653,0.0585130234029612,0.075499110602866,0.0963543947096085
"CLEAR (double)","CLEAR","double","Quantile","X2_q75",0.064256649832456,0.062764876462335,0.0593653001134375,0.0874420232355945
"synthpop (double)","synthpop","double","Quantile","X2_q75",-0.0220295677984394,-0.0162846416017157,0.0687724212328891,0.0721490712883784
"CLEAR_synthpop (double)","CLEAR_synthpop","double","Quantile","X2_q75",0.0674181956699617,0.0651041842709652,0.0670095404926852,0.0950079526534488
"CLEAR (half)","CLEAR","half","Quantile","X2_q95",-0.00165357611513922,-0.000358442343659338,0.0456285308145567,0.045612862359371
"synthpop (half)","synthpop","half","Quantile","X2_q95",0.065904164964337,0.0645370435665673,0.0829327145549932,0.105865189901212
"CLEAR_synthpop (half)","CLEAR_synthpop","half","Quantile","X2_q95",-0.0099002853866007,-0.00950191951753654,0.0510926382796406,0.0519928112505718
"CLEAR (equal)","CLEAR","equal","Quantile","X2_q95",-0.00957191201646315,-0.00947771973686651,0.0356013484016597,0.0368312719798168
"synthpop (equal)","synthpop","equal","Quantile","X2_q95",0.00051177166380573,0.00179452899729737,0.0619646289975377,0.0619047488206257
"CLEAR_synthpop (equal)","CLEAR_synthpop","equal","Quantile","X2_q95",-0.0072708699615912,-0.00659986355942266,0.0413310646867679,0.0419250038082751
"CLEAR (double)","CLEAR","double","Quantile","X2_q95",-0.00337350997565864,-0.00333881822571636,0.030360318406418,0.0305169789695421
"synthpop (double)","synthpop","double","Quantile","X2_q95",-0.040961657694901,-0.0400156853643887,0.042170882803916,0.0587595438279003
"CLEAR_synthpop (double)","CLEAR_synthpop","double","Quantile","X2_q95",-0.00561218431730877,-0.00411849992342717,0.038463952183325,0.038833146655112
"CLEAR (half)","CLEAR","half","Cov","X2-X1",0.112121363699946,0.112319730039027,0.044065142371729,0.120453532520354
"synthpop (half)","synthpop","half","Cov","X2-X1",0.356656596479859,0.365030170781658,0.23979330861315,0.429639100881807
"CLEAR_synthpop (half)","CLEAR_synthpop","half","Cov","X2-X1",0.0894328438642038,0.0862285909793332,0.0516193377104903,0.10323497699548
"CLEAR (equal)","CLEAR","equal","Cov","X2-X1",0.0504706392330015,0.0508971465201489,0.0239445326166492,0.0558522997336108
"synthpop (equal)","synthpop","equal","Cov","X2-X1",-0.316224975154502,-0.318164115451706,0.178831040104187,0.363200791208391
"CLEAR_synthpop (equal)","CLEAR_synthpop","equal","Cov","X2-X1",0.0488631561845731,0.0497997807899253,0.0297269810271314,0.0571798395109976
"CLEAR (double)","CLEAR","double","Cov","X2-X1",0.0254909061259515,0.0252663594940916,0.0130147442828474,0.0286152249114433
"synthpop (double)","synthpop","double","Cov","X2-X1",0.0399350058917498,0.0384618178372325,0.126752372784386,0.132773628307857
"CLEAR_synthpop (double)","CLEAR_synthpop","double","Cov","X2-X1",0.0245744022746636,0.0239394728305102,0.0162551218323552,0.0294550806308544
"CLEAR (half)","CLEAR","half","Cov","X2-X2",-0.0714687435441835,-0.0708502187711701,0.0503595594426524,0.0874001965706474
"synthpop (half)","synthpop","half","Cov","X2-X2",-0.232770856774279,-0.232973912049268,0.243702188385158,0.336829700106596
"CLEAR_synthpop (half)","CLEAR_synthpop","half","Cov","X2-X2",-0.0496907620627318,-0.0486537169728667,0.0531884831987879,0.0727497666654182
"CLEAR (equal)","CLEAR","equal","Cov","X2-X2",-0.0280549383095926,-0.0287304232096561,0.0225836926671782,0.0360011484773977
"synthpop (equal)","synthpop","equal","Cov","X2-X2",0.194120502722671,0.184834539583631,0.170719741387453,0.258398353741859
"CLEAR_synthpop (equal)","CLEAR_synthpop","equal","Cov","X2-X2",-0.0259539481605072,-0.0259457148946547,0.0317879890298966,0.04101295794246
"CLEAR (double)","CLEAR","double","Cov","X2-X2",-0.0154750801161426,-0.0158250957627004,0.0124653893724752,0.0198633648948015
"synthpop (double)","synthpop","double","Cov","X2-X2",-0.0250196923169638,-0.0202600437676361,0.117206188234979,0.119732205287833
"CLEAR_synthpop (double)","CLEAR_synthpop","double","Cov","X2-X2",-0.0124148579754524,-0.0119849745899758,0.0162699711042428,0.0204526583691236
"CLEAR (half)","CLEAR","half","Mean","X3",-0.0260789980789701,-0.0266632034449004,0.0107185549027391,0.028191697096265
"synthpop (half)","synthpop","half","Mean","X3",0.0745511765578895,0.0736973439884505,0.0514089117384587,0.0905288262372046
"CLEAR_synthpop (half)","CLEAR_synthpop","half","Mean","X3",-0.0264617945160555,-0.0263668101996906,0.0116967161387183,0.0289269098090833
"CLEAR (equal)","CLEAR","equal","Mean","X3",-0.0145798137093674,-0.0145341055129025,0.00505653282895423,0.0154301119568734
"synthpop (equal)","synthpop","equal","Mean","X3",-0.0145119283632212,-0.0154197534419964,0.0361583869668136,0.0389282693548662
"CLEAR_synthpop (equal)","CLEAR_synthpop","equal","Mean","X3",-0.0154894613682222,-0.0154156971057051,0.0062594306330914,0.0167040571234784
"CLEAR (double)","CLEAR","double","Mean","X3",-0.00873066939334754,-0.0088044294914349,0.00284457590485199,0.00918150406579679
"synthpop (double)","synthpop","double","Mean","X3",-0.0343025547551301,-0.0335011631843025,0.0270035435230433,0.0436394115771969
"CLEAR_synthpop (double)","CLEAR_synthpop","double","Mean","X3",-0.00813755735857595,-0.00828652450626222,0.00344190081981063,0.00883418517210387
"CLEAR (half)","CLEAR","half","Var","X3",0.142738515208987,0.139705026623344,0.0624014722535719,0.155757630875667
"synthpop (half)","synthpop","half","Var","X3",-0.16860321883439,-0.162765792337848,0.268632420142385,0.316932320533216
"CLEAR_synthpop (half)","CLEAR_synthpop","half","Var","X3",0.130564117788276,0.126256800812418,0.0745109312693047,0.150292261858995
"CLEAR (equal)","CLEAR","equal","Var","X3",0.0843045335796915,0.0839325102196504,0.031379225517014,0.0899440985532061
"synthpop (equal)","synthpop","equal","Var","X3",0.129858413566056,0.137351234278221,0.2091229645098,0.245984058488937
"CLEAR_synthpop (equal)","CLEAR_synthpop","equal","Var","X3",0.0749721549796197,0.0725184673678854,0.0372571218165254,0.0837026938759287
"CLEAR (double)","CLEAR","double","Var","X3",0.0425212524927765,0.0418922829182753,0.0165278367816181,0.0456144709873621
"synthpop (double)","synthpop","double","Var","X3",-0.0184424482622773,-0.0170681554869674,0.136000802101047,0.137110720345605
"CLEAR_synthpop (double)","CLEAR_synthpop","double","Var","X3",0.0426656955421252,0.042376052543772,0.0215700535144525,0.0477985172394755
"CLEAR (half)","CLEAR","half","Lasso","X3",-0.0201893999065746,-0.0204611327021451,0.00555060427489469,0.0209370355587519
"synthpop (half)","synthpop","half","Lasso","X3",-0.00293826699192292,-0.00226120423256904,0.0268523576980039,0.0269859301975953
"CLEAR_synthpop (half)","CLEAR_synthpop","half","Lasso","X3",-0.0209402301190956,-0.0209080239897286,0.00601301280035881,0.021784793956613
"CLEAR (equal)","CLEAR","equal","Lasso","X3",-0.0114895055698961,-0.0114596527675175,0.00262993824848788,0.0117860714524031
"synthpop (equal)","synthpop","equal","Lasso","X3",0.00777625721404035,0.00813426324554622,0.0174316928726326,0.0190716114901677
"CLEAR_synthpop (equal)","CLEAR_synthpop","equal","Lasso","X3",-0.0125984303900898,-0.0126453973905349,0.00341382196016708,0.0130518703758851
"CLEAR (double)","CLEAR","double","Lasso","X3",-0.00669995769638434,-0.00687676349584437,0.00142944785611891,0.00685045017968571
"synthpop (double)","synthpop","double","Lasso","X3",0.00186927280123197,0.00304570939901649,0.0137267850067335,0.0138398684304898
"CLEAR_synthpop (double)","CLEAR_synthpop","double","Lasso","X3",-0.00705804222301032,-0.00700820133871666,0.00186123229638965,0.00729885041027682
"CLEAR (half)","CLEAR","half","Quantile","X3_q25",0.00204008942880118,0.0026399392438381,0.0599315945560931,0.0599063802850862
"synthpop (half)","synthpop","half","Quantile","X3_q25",0.00563425854544264,0.00683628588734253,0.0954062901556239,0.0954772242485792
"CLEAR_synthpop (half)","CLEAR_synthpop","half","Quantile","X3_q25",0.0175390212898775,0.0183616375175726,0.0753836276160925,0.0773236263876919
"CLEAR (equal)","CLEAR","equal","Quantile","X3_q25",-0.00961942361548948,-0.0120698310264871,0.0478975446141311,0.0488069640645348
"synthpop (equal)","synthpop","equal","Quantile","X3_q25",-0.0117919748572309,-0.00840931595810934,0.0729621060222251,0.0738367973872214
"CLEAR_synthpop (equal)","CLEAR_synthpop","equal","Quantile","X3_q25",-0.00449753312352321,-0.00648589903305119,0.0616793538490966,0.0617815652930288
"CLEAR (double)","CLEAR","double","Quantile","X3_q25",-0.0125679958368288,-0.0144836573665663,0.0408501030427155,0.0427006788718613
"synthpop (double)","synthpop","double","Quantile","X3_q25",0.0285923330373143,0.0246257881858232,0.0516434460687281,0.0589850230086131
"CLEAR_synthpop (double)","CLEAR_synthpop","double","Quantile","X3_q25",-0.0153483245194012,-0.0127107648158944,0.0510305320332618,0.0532398162539224
"CLEAR (half)","CLEAR","half","Quantile","X3_q5",-0.0147463595255034,-0.0150518912328046,0.064346353105812,0.0659517048373824
"synthpop (half)","synthpop","half","Quantile","X3_q5",0.150987117179598,0.154542742470403,0.105738918469958,0.184270092515426
"CLEAR_synthpop (half)","CLEAR_synthpop","half","Quantile","X3_q5",-0.00859728581528291,-0.00892609820296908,0.0685480549573567,0.069017037680196
"CLEAR (equal)","CLEAR","equal","Quantile","X3_q5",-0.0252287779623418,-0.0252643371246757,0.0436579401916403,0.0503854636553682
"synthpop (equal)","synthpop","equal","Quantile","X3_q5",-0.00991694683094017,-0.00354455185906799,0.073750220584518,0.0743408547209421
"CLEAR_synthpop (equal)","CLEAR_synthpop","equal","Quantile","X3_q5",-0.0186902828239433,-0.017845404287653,0.0527340573156486,0.0558985304941656
"CLEAR (double)","CLEAR","double","Quantile","X3_q5",-0.0240623691734834,-0.0244304085409635,0.0368501610095168,0.0439797238274123
"synthpop (double)","synthpop","double","Quantile","X3_q5",-0.0803660123418716,-0.0807094147030689,0.0554165416180569,0.0975886624484109
"CLEAR_synthpop (double)","CLEAR_synthpop","double","Quantile","X3_q5",-0.0295435845660193,-0.0286965828379295,0.044445508174211,0.0533317520758475
"CLEAR (half)","CLEAR","half","Quantile","X3_q50",0.0204043878690931,0.0218891181086478,0.0498324498817007,0.0538019103694486
"synthpop (half)","synthpop","half","Quantile","X3_q50",-0.172822701721842,-0.171788733166302,0.0719967624359092,0.187192021635771
"CLEAR_synthpop (half)","CLEAR_synthpop","half","Quantile","X3_q50",0.0348750290156414,0.0340037067738481,0.053539941538975,0.0638518593163793
"CLEAR (equal)","CLEAR","equal","Quantile","X3_q50",0.00684707572782234,0.00584001941636303,0.0370986863683497,0.0376887562970602
"synthpop (equal)","synthpop","equal","Quantile","X3_q50",0.0370397067189479,0.0315627585729645,0.0527862640202506,0.064441886717436
"CLEAR_synthpop (equal)","CLEAR_synthpop","equal","Quantile","X3_q50",0.0223182172703654,0.0224421071494573,0.044596928869426,0.0498298215387404
"CLEAR (double)","CLEAR","double","Quantile","X3_q50",0.0142791073661218,0.0151955190053007,0.0329643182154491,0.0358938140914532
"synthpop (double)","synthpop","double","Quantile","X3_q50",0.059487771722658,0.0592323518940497,0.0377939185656493,0.070457920097835
"CLEAR_synthpop (double)","CLEAR_synthpop","double","Quantile","X3_q50",0.0136057519813742,0.0121832834765416,0.0386053897001243,0.0408963549555377
"CLEAR (half)","CLEAR","half","Quantile","X3_q75",-0.0605198434671869,-0.0613485708906531,0.0476568140305338,0.0770018248678991
"synthpop (half)","synthpop","half","Quantile","X3_q75",0.0983720845595343,0.097920774642303,0.0844617571544547,0.129601650704623
"CLEAR_synthpop (half)","CLEAR_synthpop","half","Quantile","X3_q75",-0.070496153988809,-0.0698503608733655,0.0598570304402028,0.0924413656981927
"CLEAR (equal)","CLEAR","equal","Quantile","X3_q75",-0.0491765644568416,-0.0484399153759625,0.0381816666289691,0.0622355081847212
"synthpop (equal)","synthpop","equal","Quantile","X3_q75",-0.0221315593811915,-0.0197132001408346,0.0623469513378107,0.0660997275113922
"CLEAR_synthpop (equal)","CLEAR_synthpop","equal","Quantile","X3_q75",-0.0505164265019852,-0.0496375138978289,0.0444451082894866,0.0672556782888474
"CLEAR (double)","CLEAR","double","Quantile","X3_q75",-0.0312086145646457,-0.0307689827109995,0.0315274308405217,0.044339244024427
"synthpop (double)","synthpop","double","Quantile","X3_q75",-0.038111985132669,-0.03615357291157,0.0439283886798134,0.0581237243825061
"CLEAR_synthpop (double)","CLEAR_synthpop","double","Quantile","X3_q75",-0.0367327842183386,-0.0350868402192055,0.03744990867464,0.0524307934791227
"CLEAR (half)","CLEAR","half","Quantile","X3_q95",0.153186301425495,0.157292342411898,0.0682478014406965,0.167673760085198
"synthpop (half)","synthpop","half","Quantile","X3_q95",-0.00218715942903819,-2.66453525910038e-15,0.0944204979166682,0.0943513838390615
"CLEAR_synthpop (half)","CLEAR_synthpop","half","Quantile","X3_q95",0.147701620202974,0.147207189761528,0.0801988719383341,0.16803203251953
"CLEAR (equal)","CLEAR","equal","Quantile","X3_q95",0.132087751041032,0.134889728230603,0.0508301474422563,0.141512227232494
"synthpop (equal)","synthpop","equal","Quantile","X3_q95",0.0117492379277075,0.0113101531442412,0.0679152716941191,0.0688571256509399
"CLEAR_synthpop (equal)","CLEAR_synthpop","equal","Quantile","X3_q95",0.123705321304155,0.121534516138298,0.0602219110543607,0.137558830079575
"CLEAR (double)","CLEAR","double","Quantile","X3_q95",0.105869036440397,0.105920536773866,0.044131745896451,0.114682032815499
"synthpop (double)","synthpop","double","Quantile","X3_q95",-0.0246563647738218,-0.0221978157356633,0.0516740519964145,0.0572084220922799
"CLEAR_synthpop (double)","CLEAR_synthpop","double","Quantile","X3_q95",0.110053184113203,0.10797436588512,0.0559496119420667,0.123433389695696
"CLEAR (half)","CLEAR","half","Cov","X3-X1",-0.0057806151456723,-0.0044919323275068,0.0458036704178247,0.0461215327451245
"synthpop (half)","synthpop","half","Cov","X3-X1",-0.261000696282823,-0.265764184312612,0.203705970346949,0.330959957654095
"CLEAR_synthpop (half)","CLEAR_synthpop","half","Cov","X3-X1",0.00539600581216981,0.00735709437559399,0.0503597514856807,0.0505979173413797
"CLEAR (equal)","CLEAR","equal","Cov","X3-X1",0.00684919335223335,0.00730801852699559,0.0206775319297359,0.0217627354812789
"synthpop (equal)","synthpop","equal","Cov","X3-X1",0.275444330427078,0.282229831454918,0.139432552705719,0.308661842547708
"CLEAR_synthpop (equal)","CLEAR_synthpop","equal","Cov","X3-X1",0.000624249300948271,0.00260393671344539,0.0285015708426554,0.0284798972717185
"CLEAR (double)","CLEAR","double","Cov","X3-X1",-0.000413326939633614,-0.000778265012382789,0.011816275232424,0.011811687043208
"synthpop (double)","synthpop","double","Cov","X3-X1",-0.00602350015218782,-0.00204012274267595,0.102076970278676,0.102152586847493
"CLEAR_synthpop (double)","CLEAR_synthpop","double","Cov","X3-X1",-0.000328988801714918,-0.000389932569062001,0.0156325907513774,0.0156204152135756
"CLEAR (half)","CLEAR","half","Cov","X3-X2",-0.168186079535647,-0.167725019590886,0.043423884194747,0.173690586390549
"synthpop (half)","synthpop","half","Cov","X3-X2",0.193596159214077,0.185584857312808,0.207984418791419,0.283990274984068
"CLEAR_synthpop (half)","CLEAR_synthpop","half","Cov","X3-X2",-0.175427362393842,-0.173829701663439,0.0533748424283794,0.183351944448665
"CLEAR (equal)","CLEAR","equal","Cov","X3-X2",-0.104597319338195,-0.103740477011852,0.0217148475552335,0.106823175144136
"synthpop (equal)","synthpop","equal","Cov","X3-X2",-0.156581508132847,-0.162806641579363,0.14965673684362,0.216495065288038
"CLEAR_synthpop (equal)","CLEAR_synthpop","equal","Cov","X3-X2",-0.102880369478741,-0.1025422324408,0.0282302431084986,0.106675785241053
"CLEAR (double)","CLEAR","double","Cov","X3-X2",-0.0545344720838688,-0.0540129311670325,0.011725536187347,0.0557783279414979
"synthpop (double)","synthpop","double","Cov","X3-X2",0.0172820754143121,0.0239035453853633,0.102011523733185,0.103364444578605
"CLEAR_synthpop (double)","CLEAR_synthpop","double","Cov","X3-X2",-0.0575297653836881,-0.0566544676632788,0.0153763288572169,0.0595452141758615
"CLEAR (half)","CLEAR","half","Cov","X3-X3",0.142738515208986,0.139705026623339,0.0624014722535717,0.155757630875666
"synthpop (half)","synthpop","half","Cov","X3-X3",-0.16860321883439,-0.162765792337847,0.268632420142385,0.316932320533216
"CLEAR_synthpop (half)","CLEAR_synthpop","half","Cov","X3-X3",0.130564117788276,0.126256800812414,0.0745109312693048,0.150292261858995
"CLEAR (equal)","CLEAR","equal","Cov","X3-X3",0.0843045335796911,0.0839325102196522,0.0313792255170142,0.0899440985532058
"synthpop (equal)","synthpop","equal","Cov","X3-X3",0.129858413566056,0.137351234278221,0.2091229645098,0.245984058488937
"CLEAR_synthpop (equal)","CLEAR_synthpop","equal","Cov","X3-X3",0.0749721549796197,0.0725184673678942,0.0372571218165251,0.0837026938759285
"CLEAR (double)","CLEAR","double","Cov","X3-X3",0.0425212524927762,0.0418922829182753,0.0165278367816181,0.0456144709873618
"synthpop (double)","synthpop","double","Cov","X3-X3",-0.0184424482622773,-0.0170681554869683,0.136000802101047,0.137110720345605
"CLEAR_synthpop (double)","CLEAR_synthpop","double","Cov","X3-X3",0.0426656955421256,0.0423760525437737,0.0215700535144518,0.0477985172394755
